BC766A8FEA8B146299BD1D749E20DB64685BB467525F89B72E20D98FDB7B9A48,5FFC444B3BCF7F1BADA52AED010E7D3D93FC0004,588cd5bca397b98d14a3b6a3a2a2343e,1980-01-01 00:00:00,9406725,com.jb.gokeyboard.theme.twdigitalfreekeyboard,129,0,2018-10-24 05:52:43,8920616,play.google.com
BCC55EC72015273D40BA2C1597FDD394A963B764FE00D512062ADB1B5D174985,DCCFBD59685800B2AC427BF5B258E7B14F1036CD,9fcf053d384a86f79541732ce23a7961,2018-03-16 02:27:04,17699767,instaplus.app.lee,43,0,2018-04-14 22:27:39,7042452,play.google.com
BF484B4679F68140B341888E40393FAFB2D875BCE8B13DD9DF534500B1C19135,B17C18E37BC3BD0845B98556568FF7794992B8AA,782cdb86a843f2e0419fc571c5012ec6,1980-01-01 00:00:00,4878477,com.andromo.dev675887.app794297,7,0,2018-08-07 08:32:14,4606872,play.google.com
BF489ABE74CCC2430F967999F0BC81B49AF1B6E75805019F4B0DC163A3E6977D,463F29175694F172198D80A6E344CC492807F841,908b1ffd9008b59cb191ed25590ecc6e,2018-05-14 12:54:04,870108,com.alzcom.calendar,51,0,2018-06-13 12:28:25,404360,play.google.com
BF494F355B4E65246D43016D786FD174DF53DA0A57BB90B5D0CBA418C0B572A4,6B6762751225444E079E7AEEBBD01CD13A7D8D8C,c6859a273d31d882a14237a94240a934,2017-03-08 14:40:58,1513682,com.bluegolf.android.agpts,26,0,2018-07-04 05:29:48,3279212,play.google.com
BF4BDBB2034A4AD1B22D41C2017771C76E9EB498E2F6B5AB7556700BC817E64A,2F51B53C4613615034E96B9ACDE639B43457FCF5,922f907fa7d984739a2e61dc8a5b93d7,2018-03-01 01:46:22,23189461,com.tingtongstudio.fashion.girls.shopping.mall,1,0,2018-03-11 10:32:37,4391168,play.google.com
BF4CA97C3D748D18DDE8FEAD93143B49A0FDC7F6A52FBCD95CB3D199B92D1A53,589FFA8316449F6928C37E179A4FCB798ECBE562,c73ce964248704d6fbeabd69894cd307,1980-01-01 00:00:00,8593433,com.athleticjunctionevents,4,0,2018-09-30 11:38:13,4956888,play.google.com
BF5018011AD4D385DA3EBFF8D4F40ADE09D667A7D07FBF747642CF0A6E03BCF6,D2A92E3D64CC84770DFF1AB7F562A85C9D4F409A,fdb2809325660cad4a52d5b036fd41e1,1980-01-01 00:00:00,18803128,mobile.wub.de.AlteApoRosenheim,6021,0,2018-10-03 21:52:59,8144904,play.google.com
BF51065D1A6880D6C64688B011ACD0D846CD68D106980E438540B19C9A88833B,E8B81E57FC415A49E2036D759C2FA89511308062,3b4f7149e713f9b50ad1576c271a3c69,1980-01-01 00:00:00,13998070,ph.ascinc.asiawise,57,0,2018-08-22 11:48:30,7063584,play.google.com
BF518A7E7795C54CC705D1EF52372E8091CC15575B978B3AA3B5F35BF4BD99A7,F60CA60557C63CAA610EA9C9951A7135D634980B,36a5bda9df10e5329263b2ac381c6304,1980-01-01 00:00:00,11055573,tha.text.thaionphoto,4,0,2018-10-17 20:41:38,8645392,play.google.com
BF51DB7F57EE046AF8B5F9CA22567BBFF317D8CA23A225AE2A71B4F1DF5F48CE,0DBC6E276E4D2DCC65C316D985E749A58EE4F16E,c45753da1d37916283623670102ad933,2018-10-18 08:13:32,5898032,com.iwaw.howtodraw.angrybirds,2,0,2018-11-22 02:58:24,5659456,play.google.com
BF5347B4F8E2B215A0B269FEB0CD7EFA777190D9D529AE64100748835EAFA354,8CD19ABD7B4543DD99B65ED38BD5C31FE92DFD29,420fbc33b7fc115255af8244e65a976e,1980-01-01 00:00:00,4090332,com.art4muslim.an3amy,1,0,2018-07-14 03:26:49,5671600,play.google.com
BF56510D89EDA1CDBADADCDC016DEC5F0ED79831833DAF962CD2786CCE4B4BCB,D0D77173FB7727A579DC8224586895427C557723,0603a5d83705ede7e6de87c9bbda541f,2008-02-29 09:33:46,18366366,com.sematic.books,4,0,2018-09-27 08:00:57,3889536,play.google.com
BF59FB41D3472046406DBD13A155371D876DC538EA16FDAE7AACB46A569514FE,9E3D2EEDF1C1719FB7E4EA1FCFD9D2A8A214378A,6a19fc2b6b380c312abd4bb14f869653,2017-10-31 07:58:12,11234613,tv.yourmedia.paluten,8,0,2018-01-10 15:55:19,8701628,play.google.com
BF5B3CB63F977B16A60300CC771DF75F67E64A26CF48B511B7D711FC647534BF,4484E9CAFEF935C96C406C57E70A9F045A926E41,eb043a1aabf70401576dc078dcbffd85,1980-01-01 00:00:00,4308297,com.radiofmapp.radionewzealand,99,0,2018-03-11 23:59:47,5950720,play.google.com
BF5CE40778BBE6E45B16974FDB0352AFAA73E1F022D76E7AF41FA0055380A126,DE89E78771880D87C922B235410BF227831C0585,61e435997ddae52d56cd07c1c26e6b29,1980-01-01 00:00:00,10810997,co.classplus.pcbm,1,0,2018-09-02 22:51:48,8232508,play.google.com
BF5D283388CFAAEA8CDBC119D7B7A2F49C5E647D55C97E957571A52CA65B0101,D38EA68A4372CF3A8A30C228B6A5FE3FC13B1860,49fbf1c613460859b9df842c0aa83e64,2018-05-16 17:04:56,5637578,roid.spikesroid.tv_remote_for_philips,28,0,2018-05-27 13:21:18,3814560,play.google.com
BF5D578563300A8C8EC62BBE9216B91F60D03C5155007BEB73EC4752666ACD31,B890841C84C04AD8CAAD2F82AE357C499479F5BE,9f6530c1576a871a3ef6483dc8007396,1980-01-01 00:00:00,4031704,com.simplemobiletools.contacts,18,0,2018-05-06 20:56:37,3076348,play.google.com
BF63F1BAB15A7F6C219E92E2E44BDA536ADAF5A0EAE8678A3B1EEC2544FDE140,03A1D5E28C6F89C49090F2DF83190DE43ACC78ED,186fb7b837478a8053fe73a955730257,1980-01-01 00:00:00,10504680,io.ionic.histaminediary,10000,0,2018-10-05 17:10:13,4287184,play.google.com
BF641059943A77E6DCF18C675A30511B139E5599487A9EEF1816817AB19ADB7A,3B2C1B3A3D48DE3979C3984B1AD74C5F64C3C2D6,45663a121c4b2e22e12b1237a7cae262,2017-08-10 16:31:22,31944091,io.pixelrocket.colorshape,12,0,2018-09-17 12:20:33,8747520,play.google.com
BF6458641496C195B1372E7F1FA25B0A98408A4ECC79562CB83917E74D29F3F4,01AC80464BDB10CCE569BBB65692ECEE7AD541CF,f38d68f453415ffe5dedcbfac8764673,1980-01-01 00:00:00,6450562,com.topbuzz.astronomy,2,0,2018-07-29 02:59:54,8535684,play.google.com
BF649D0B45D960BDB5F6BFAE584BE49E0B8A2B9D245D080FC42DA80B7D59A924,C89074615E087135AEAD0F10A985F37C6A8119BF,bb4704152a4ab41fcc77e225923176dc,1980-01-01 00:00:00,6201404,rs.popis.popis,11,0,2018-08-31 09:47:27,9080264,play.google.com
BF64BE566AB2EFE2B3C28B0371AE548CCB3CF517737ADA3206F0ECE9A596015D,ADFF04D36107ECE4B6F7E9F055D11E02D175ACC8,2db209c4a649a48114cac35b467f3971,2018-04-03 13:51:20,12584611,com.skydronex.icarusrpa,73,0,2018-04-14 10:09:04,7940208,play.google.com
BF6586B89C6E945F31D19F48F79104C9F98CCCD3ACF9CC5530808099E068A271,8AF03580AC46117714904EDC5EAD3B17529465DE,6c424754c8932b99e8d8874e4ee5a813,1980-01-01 00:00:00,17566531,live.wallpaper.frogs.ttr35.lwp,1002,0,2018-06-29 05:40:34,5212244,play.google.com
BF6807922B626F064C0F5F4F82563853A2FCA403E3B18FC5925EF287EAAF4E4D,B37CC06746E5A54CF392B889E1F522B53C42F1F4,3e1f88dd20883ef27ec4a616e013e710,2018-03-29 13:21:48,6562095,kr.e777.daeriya.jang1275,107,0,2018-10-07 15:01:51,5127956,play.google.com
BF68F2DC9A472FBE51242D9E60CFCE7263F0D8F9C722EE9DE2012FC135FF0108,EBB0D1AB3EC5B6F174C572B9684780AEB58794C8,4d9dfd99cc7a1196dd182be48e8b95e2,2018-01-15 20:31:10,4304241,com.application.onlineshoppingchinafrench,2,0,2018-10-15 14:40:18,7887300,play.google.com
BF6A11E19D9EF0906D3A8EEDBCE0CCBB57793AF6B5527B949FF5ED416BEFFD9D,1AC2E0D55D635F8A588EC0605F0D34148B1AD749,f093a20a1fad84ccd8c58ce7c82930d5,1980-01-01 00:00:00,22912206,com.voice.gps.driving.directions.gps.navigation.maps,30,0,2018-10-13 05:39:50,9094044,play.google.com
BF6A8002612D7449B86511D92E8A0176749BEE804381A7CA072F36038C83B163,257D6D9D464D64A481DF7D85F0C03278893D3560,6d1e1fb13fec95984f82eb60dbde5110,1980-01-01 00:00:00,3666095,com.sbardyuk.naturephotos,41,0,2018-10-04 14:56:07,5118316,play.google.com
BF6B979AC26C706DE4236BC174CE81B1E2C251E037E11D381DB11098EF15ACEA,3A1E37832844F4C8BE0A70139B45C6DF76071F3E,7b832f8e6cee50f3f16fee9a9fea3828,2018-03-26 17:33:04,11165420,com.ismailnaubit.chikenday,1,0,2018-07-04 07:03:53,5620664,play.google.com
BF6BB6147A2650D0918DB997E6C05ACE9D7CCEB6B16A666997341875676EA3AF,AD92435473AD45A222DBBFECE1F09FBCC4599DBC,480e3fe199faf64bb2ecd6183e1624f6,1980-01-01 00:00:00,11111500,com.skyinfoway.goodnightphotoframe,20,0,2018-11-12 12:29:26,7918376,play.google.com
BF6C784741481D4DE0E05191D2EF3090896159246B024CC207A8F7D4E76D1347,F4ACF3B3D85E8F948C4917B857F5323F9128F7D0,bac2a7e63015b8bcc12d0912cc887270,2018-05-05 14:51:38,20766114,com.Magical_Egg2.Egg173,11,0,2018-09-13 13:31:25,6497340,play.google.com
BF6DA7EFEB0A6DEEAC97F2B8A83A82B7B3A0C2F5D26557D0D95B58066BA87000,B1DE516F1EEDC472C7FE891656AEC66B7C965B9D,8be5cbfd51e972dba456b3d77ebfd9b6,1980-01-01 00:00:00,3598888,com.bitexcellent.brainstrom.eedcgen,1,0,2018-03-20 17:36:34,5441808,play.google.com
BF701D4B8443039A501B9C6456FCAFA0810F4A40CE5205ABB860932940D3A778,F6E89D26DE6167D307A1E4DB24BFDE0050671BDF,a2487278bae1470ac8f5e01746b8a12b,1980-01-01 00:00:00,29060359,com.smartgecko.kinderpret,9,0,2018-12-09 03:04:34,5977420,play.google.com
BF7251BA1A35591DE947DB0A33BD748A161CFC266763D1830610FC372ECC6F29,AFF468944CCD202A96B2DBA3D104ACCC89864796,21609c3fabdf993d6c2a076dd9579337,1980-01-01 00:00:00,6245820,com.perfectApps.how_to_win_girl_heart,3,0,2018-05-29 03:40:59,5965640,play.google.com
BF72636ABBF4BD26017690C2B60E346C3B214C67AD16B8FB0CF227AA72278FFD,4B125EB27AED417DA6A1E923813CA7C39A14861F,62c77f5fd4908db60405a8156a0361cb,1980-01-01 00:00:00,6588665,com.nwsb.phone,244,0,2018-08-13 19:31:29,5876420,play.google.com
BF77D090507FBCD3FD942D2A4408F71FFD420E983BA3355130CED4DEF0FE31E9,D71FF9E43C0DDF779F92A250B6C651684BE61883,4d33febde226a8b0e242fc845fff9031,2018-03-05 01:00:38,31089335,com.app.p7920IE,25,0,2018-11-16 21:25:40,4704640,play.google.com
BF7B3C222978EC9B2A78D829562A965A0FB9FC252609A524E21E3D7CEDC92513,380BC24D5A0DDB386D0CA082B56EFCC5E515F5B4,6e4ec969d5b5af5f3c5e3492cf796ce7,1980-01-01 00:00:00,1827830,com.BDPlus.PremerKosterSMS,20000,0,2018-09-29 05:53:29,4090952,play.google.com
BF7E23EF035C09C082988A59B1B5A955D7826A7BF3C27A135AEC06559A8176B1,045E673F659FEAFC5AEE448B8DD438837776BA3D,2f5023ebb8f1883b985e86adb64772e9,1980-01-01 00:00:00,3259482,com.bigcash.app,35,0,2018-04-18 21:15:26,2681824,play.google.com
BF7ECE522B1545965F5D71B457F7CDB25DEB4FFCC242318A717ED2FD93A33A86,76ABD431AFAFB95C1FF128C7683763066DCA65E0,6395774ce47f6fa0ee8b41445e4096bd,1980-01-01 00:00:00,3462242,cyrpto.market.coinmarketcap,10000,0,2018-09-01 10:11:20,3867200,play.google.com
BF812D859D8863CCEFB495D89535EBA9621A34F16C3631A70C280BD1CB2789B5,AFE131569F5082ADBF05114D5983D0FC3100C130,69b260fd2233401a513b73b7514ac103,1980-01-01 00:00:00,5556044,com.soni.sony.sonisamaj,9,0,2018-07-20 11:12:10,5648988,play.google.com
BF81A045FE1893BAFE3889E3629087BCACD57BD302A0D8FC6BBFFD6ED31030C2,DCFEFEF6048830FFFB576B4BB2FD8D44A1AE5344,52487ef27c169ce81cbbe9a7536a5075,1980-01-01 00:00:00,18622060,com.aplicacionesmab.jazzmusicradio,4,0,2018-12-07 03:35:45,7532064,play.google.com
BF81D9371A1A98BC6F0873D2B2D0AE64AE7CB9A96DBB1F37BFF80C4BE001C00F,3DEB517283B537FB348BA2039BFCFB19A55BB523,69bd0779c7028bb6889bb50f537cc992,1980-01-01 00:00:00,13000849,com.fox.droid.foxkttv,2018032910,0,2018-04-21 22:29:29,8347276,play.google.com
BF81E71BC2E3A52001DAB4901624B6C44632611E15F07B8436E32DA0F8BD2E42,8E2A9550B675085DCD62B8D0F51E6BFCF8E1E3BB,2295ff564b2f1f873cc61b8643ecbffb,1980-01-01 00:00:00,26532006,com.voolatech.veas,4,0,2018-03-15 00:41:30,6987108,play.google.com
BF8239C08163188489D3F41232063E373B904FA894A7A53936C586A8CFA6612E,1628616ADBA8630AAA5AAED36E6D80A683FA7279,f6a05629ddd1d2adc896592052ad43ea,1980-01-01 00:00:00,5057887,com.oozware.icookie,19020206,0,2018-09-03 07:11:21,2302892,play.google.com
BF83F7178B9D6D2463893027AE1062F335BC66843CB3EF5AEF70A601A6B4FF78,148FCB7B5CA8ADECD7ADE5F3C06871CE2655EA1A,c1d4b37ff7b8d6ef068be355d896c66f,1980-01-01 00:00:00,5086461,studio.fly.sebastianyatra_magdalena,1,0,2018-08-15 10:10:56,4198016,play.google.com
BF847A534182C9198171EB157221D70E5E59BB2F790FB03FBCB95D67865578BF,311B88F4E7C6BD9397E08E8FC48C8AD2F86F6470,7657baef4551178c687bda0e42559767,1980-01-01 00:00:00,12957394,com.doapps.android.mln.MLN_4b58f048a3aff4df5db305a0cdf5a273,2047478059,0,2018-07-19 05:29:09,8885340,play.google.com
BF8676DC2DCB068D4337D564107A9335F7E87E3975AE0B415B9CC0A5A5150DDA,BDCC62C627A35F35FC9179653DF0AEAC919EECEF,21d5909ea8e8aa8470aba25fd390cb16,1980-01-01 00:00:00,3975764,com.blousedesigns.photos,2,0,2018-03-09 11:35:42,6673296,play.google.com
BF87CE3DA0B03B133915AF297526505A1350A6053BE2B1F53840DF1B547968F6,137F330DE515C2DE6582AC70C0717B7D4C52FDD2,e07c8352e7be3909c68ef4778c5c2d1b,2018-04-08 10:37:46,4863940,app.packs.adminpgn,174,0,2018-04-24 00:08:36,2320664,play.google.com
BF88D7064DD020A18224D4DEEF026F7C9F1D6B50712F7FAAEA2248C38F20C6ED,0AB053E2F5D5EEEC3210BD44A7C2A25B644B1D1F,8039c5e05bb7b2b202767640381be411,1980-01-01 00:00:00,6547989,com.jb.gokeyboard.theme.timkeyboarditaly,122,0,2018-07-20 02:53:05,8838860,play.google.com
BF88FF54C3D5584E01B14333FC78E7014EE7C114ACC0715C97A81E91797C96FE,8B7D83EC16909CF68AD368194B36C2C1F09F6F34,70e3810a77bd956fccf4903d234b7dd3,2018-04-15 21:54:18,31181516,com.groupahead.pasadenascottishrite,2041302,0,2018-06-05 20:13:08,9351448,play.google.com
BF899A25373601F6C282BBE39C7A2B9C97C94ADFABC05F79C7B825BF42E28205,450CC3728F2FC5000D0F8724AF86B265503434C3,4338063e686644c1c004986ac4707551,2018-04-06 17:20:12,2225682,com.mi.launcher,110,0,2018-04-14 18:48:31,1960416,play.google.com
BF8A343CDEF2EDA36784987441D07527ADEB0B53F14946142684AD195A7D35F7,E52BFB2BC81227F8CFC33ABA0974AE08D88C1F06,b383bacc083732e8f9069fd07a97a4dd,1980-01-01 00:00:00,24729998,com.cadmiumcd.fallsummit2017,1,0,2018-09-24 06:41:24,5976256,play.google.com
BF8B943C052AB1D10DBC18827FBE0B340639D5021A6B8AFE6D07EC72D19E3029,A801399154FA48F9ABF7BEDAACCF591BF0C5E0D1,8ef5128bae23f818bf600b8310d09213,1980-01-01 00:00:00,3981198,com.ilmumarketingonline.ilmumarketing49,4,0,2018-08-24 06:22:58,5695144,play.google.com
BF8BA4C4D8F1557C83582C66DFF93010136D2D447B40D8A2A19352A6721A4CFE,8D4ECA0C0FABDDFA4FC8F43B8D94E79B01DF7E38,ebfa4131d619d19637456373086bb92f,1980-01-01 00:00:00,5209384,com.yoactiv.diva,1,0,2018-08-25 06:02:58,4337176,play.google.com
BF8BC72E4824059A2F2727F9A5CD7A3323FBAC56041D0C6A8709FF6897B29B73,4D5814231CD42629A17ACDFB9E78F1FB85D3C1A9,3ea28bf96f38db0a7a19d1731a2950c1,2017-06-01 14:24:34,16423876,com.kalmbach.modelrailroaderissuearchive,2,0,2018-09-22 13:26:10,1001572,play.google.com
BF8BFD0297DCC5A51861D06A7D132BEEF5742349003646E244C34F2504CDC261,496A6056A0D7BC829BD0CF80959E6B9632457B63,5f3be2cfcbebcabb25a102216d00531f,1980-01-01 00:00:00,6965084,com.alpha.applock,207,0,2018-09-12 13:42:24,7545520,play.google.com
BF8C2BFF633A8983E9AF245CDDACFE8D9E34934A6316200FDE38C78347E7DAFC,DA716D3C80FB256A0DD1B57229A26CDF68C61D18,ef916ca130473c73e2b0104f15ec2ce8,1980-01-01 00:00:00,9684087,supersega.lock.screen.christmasbell,2,0,2018-10-03 18:33:48,5995316,play.google.com
BF8D927BD8BF87503B07828AE3333A4F373916CD341040A7DC26895F64591963,EB1A60B199DE334767A6A4DBDBEE1F61A0D62868,df250561ad9240086390e97089b2560a,2018-06-21 18:24:14,2490295,com.tasawuf.modern,3,0,2018-10-03 20:33:45,3923328,play.google.com
BF9007A544C0277287B013EE74710640E7CF06A6044C5CD0BFA601D32958F0DB,0B86F7C66B57BDB1B480AE8E0261FC13B7B833E9,1f2bc4de98d635dbb7483fd98ad0cde5,1980-01-01 00:00:00,18597796,com.askip.askip,118,0,2018-12-13 05:06:53,8208032,play.google.com
BF9364DD1B48B8A56C57A441B088393AD27E9A591C1F0031E0C7BD1FFC2BBA30,E6DFCA46EF7EB590570BB741A421B591504F3BF0,599c561624ed7c69e817a3222b7eaeae,1980-01-01 00:00:00,13873118,com.fi9611.godough,2018031413,0,2018-08-31 12:39:09,5594976,play.google.com
BF93E268353783CB40F50FF31BB25D5FFE9EB4D17B29976FF55EAA97D1E8C9BB,47847D249AAB875B3F04F05352434081F739A09C,01820c2b271c9b985cfc56027c3e574c,1980-01-01 00:00:00,9820239,com.sc.msn.android,203,0,2018-07-16 05:55:11,9020248,play.google.com
BF95B2D78A95D9B80E2D0178B6C9EAD8EA7F766B7470287C646EDDBEA4DA1A89,323D5A7E131A2B1C07F06B0AC353EB08BECC4D50,175948934db84dff2eb365211d67f025,2018-05-15 03:52:50,10707664,com.giang.y3.missmaiphuongthuy,3,0,2018-09-11 19:05:18,8701628,play.google.com
BF962BEAD6E31B871F69588AFB656AE39F4B114253083F8913DF75FFE281A81A,6D08A15166F67CCA810ED890E48AB84650E164D0,eda39428ae3606afb6b482398905b6dd,1980-01-01 00:00:00,14956447,com.app_lt009db.layout,4505,0,2018-10-08 19:26:29,9139720,play.google.com
BF96FB75F605E77EBC75FD4C479EECA061EE713BF4D13B8CB6C0477AEA1FFA11,2521EDB64E272F1FA6BAB79B2599D6CD8CAF58E8,d084e97912b69b2bcef149859ab74004,2018-04-21 20:45:34,4164809,com.biganiseed.ladder.play,2300,0,2018-07-06 19:47:20,3565900,play.google.com
BF9F4C3CB2B3A3EFACDD9E714214387538D5B33E05E10838F4E7ED6ACFD69F4A,22280A74D2BF8FDE70830DF13F6EC1E85CDCBF70,9219bbc7b5db2581c39f84e42463996d,1980-01-01 00:00:00,12137860,com.jmapps7,17,0,2018-11-11 11:43:56,7092088,play.google.com
BFA0996678ACAF70030E7C8620C7428B0FEAC25825E0820622B5F19847DEBEE4,AE1916AF3705FBA1DE1A0B9DFF4F9A7FB7B15642,5458717056bafc468b2807d6f0eb9cb8,2018-08-24 13:03:36,20278718,love.balls.game,2,0,2018-10-03 21:49:07,3447328,play.google.com
BFA1EA125DAA730102FDD9D04ADFB4A5ACA56F9F5842688105B061E2108F8AD5,DBE0DEFAA983AA9B8BBA219C10E6E70F19FD8811,83ff88d29d80a7127828f9a0c27c49a5,1980-01-01 00:00:00,3170901,com.sweat33.sweat33,37,0,2018-08-06 09:13:59,4489856,play.google.com
BFA2724CA2F7DB9425BF9EC5B22832D44CCC5AF37CE908F80826774CF8C39932,04F919CE5976CA2537A169EEBC68FD439272B9CE,fe153277cc9a0f7f62dbdb6f4e9ac619,2018-05-23 16:02:42,4006937,com.bacaanniatpuasaseninkemis.forextrandingonlie,1,0,2018-09-26 12:18:51,1942700,play.google.com
BFA85AD642E07DC7B700878A1F5A8852E88782CAEAAC63ACFC636DA68C978023,B869843AC950354BB1CE1778FFE0EA7901AD4BC6,256f361d5a46261485df01706e6bcef0,2018-04-01 07:50:22,16957846,com.devysfna.youssseffDivaWWE,1,0,2018-07-01 05:17:51,6424872,play.google.com
BFA9384BED589F1E7C5D9A573D8932FA9D9467FDA9CFF89A48A79402BDC7BB28,467BCD3AF10E42856F6FFEAE9EF5E87F894AF50C,c96aa09b348f0445f57f9b86542a01a7,2018-05-15 22:19:16,15380706,com.style.games.puzzle.europe,1,0,2018-05-24 15:42:40,2539552,play.google.com
BFAA4C0851574A42203382EF8C0016615AB6F8F55AA4F7C37AEC4BF6EC096600,D00D18D81B992D93BB5ED9FEE03EDF4725BC499D,db922cc41057dffc644ed6a865736ec8,1980-01-01 00:00:00,24099417,com.myapp.Frog.Wallpaper,3,0,2018-01-23 14:31:04,4083128,play.google.com
BFAF050566FEACE5406756E174CC438C89EA706652D8B024CF39632E6CCA7FCC,E99222A86EA2522A365907C4BA0F121011CAF9E1,4126f288f324edf2d7c0c75e4931b023,1980-01-01 00:00:00,2229398,com.audionewdev.chrisoyakhilome,4,0,2018-07-14 14:41:26,4135400,play.google.com
BFAF9ED9F5D439742800FF5BAE043D8A84C52339F7EC20B64965A77843A5F605,341CDF520D417FE82973E7F058F537F292809114,cd8769fdd12edd8189bcb3da0aa33bfe,1980-01-01 00:00:00,5445635,com.smartmediasjc.hitivi,23,0,2018-10-05 16:39:23,8193404,play.google.com
BFB0AEDC429E3804F434B80F19AEB94F56E15B2D61ED559F0E856BB3BF7F2FDD,C4E48C0FC894015B1A098CB14F58DE2331AA28E1,e04ce4805385691c445a8b0a45e206eb,1980-01-01 00:00:00,15916548,com.faffdigital.PSHighland,10003,0,2018-11-26 03:27:55,207764,play.google.com
BFB13E4C3047AEA1640B9298AAB657CDE16333792B72877D1B27DE558E2DA667,BB8649130C5A9D31207A1EB54A619300EFFE7B50,de885177e71195dd718a4a82588e4566,1980-01-01 00:00:00,30605318,com.customchurchapps.faithandfitness,100002,0,2018-09-15 12:12:11,4491648,play.google.com
BFB18F7D6BE7B543CF3F5D08D2F4F7A3957EF1F6E3C893736861DC2CD976684B,9A15905460E6E1472FB6A262BCC6C0100ACF2296,68d107f5e68f8cbcef7fa74dae302cad,1980-01-01 00:00:00,17551773,net.cts.android.jb,36,0,2018-11-06 22:08:39,2492552,play.google.com
BFB409D2CF19269FD4533600245F2A0A8C5F75C0E7B20868DD26341B24DD1D0A,13052C5E1663DA841DB1973E6F3B116E4CC6C4F5,15679ac81e8362d9bdf991925a3bf15e,2017-03-03 09:35:26,8272231,com.srposapp,79,0,2018-05-17 13:13:35,7132652,play.google.com
BFB42C0A8A27B11EA22DC72FA29EF76FF1BC533C8E85C233E7808E7D301CC04F,372A55F376CB19F12B31C50674BF2E5766CA8146,74848da5ee0ca0b4ce96daebe54b566f,2018-03-20 06:54:50,6303106,decent.black.golden.theme,10103,0,2018-04-14 04:06:47,2563700,play.google.com
BFB601615DDEFB7D68C26F641FDEBC79DAAAF9D67136B04724382109E881B09A,0016679393FEA94113297DC2B71D1140FEC05DF7,2399d93cd941618f749a3a9bdb4f2cd7,1980-01-01 00:00:00,2831825,com.LearningSolution.LearnLaravel,1,0,2018-07-15 13:16:45,5016832,play.google.com
BFB69840E820DF7CF72509022F6FB5B76DE56E2A06B12C81E7C47B588899C911,E4C120BF3E456D9FB1907600701756FC37119E9A,f507da37591d2b5862fcb3a2314b3d3e,2018-08-18 05:43:58,19641669,com.RHgames.clevereyes,6,0,2018-10-03 14:13:36,4977356,play.google.com
BFB7D43E33B7C197E921B48D4732A57E413E00F19495F26BE678A445350D3576,2A4EC2133CF4C81AC487DEFE92F0947061D355E3,8274a096b10574a082a64749aa540b1c,1980-01-01 00:00:00,6281321,com.dictionary.englishtotamiltranslator,2,0,2018-08-19 08:55:11,7229716,play.google.com
BFB917D14781DECCEE63FDD6F7FFAE74CC919799B1E9C97862831FA0C5159649,D772F3E758A7A0D3B6ECBA979215CE7F25A7DF85,411324e17379ba7bb32510e623794838,1980-01-01 00:00:00,4464247,com.ionicframework.leelainstitute,1,0,2018-10-08 17:33:37,211960,play.google.com
BFB98B4CF25A2BDDC0450625168CDAEFAD2C1DFD29F87646AC55A5B162261D95,2DAAAFA070D89435D0E272A3EAA2EE7542DDD6E3,e7d5f30b782ab0ed6cd83aac63eae325,2018-04-25 11:08:36,31572960,com.cipher.superheroes.car.highway.stunts,1,0,2018-08-10 03:20:19,5659768,play.google.com
BFB9F837879075210976B92CBF71C03041BA70D4EE710A441C6BFAFB1A7011BE,4370E2AF657617B32DECFE2E1C93923BF230E5F1,203e7943ef30ab9e2d7c30fa3591f4ce,1980-01-01 00:00:00,9770654,com.mycompany.myphonegapapp882,103067,0,2018-08-21 11:50:04,4806228,play.google.com
BFBA8B769D9DB34C1BBFDFF41282E37487754398A32B350E262F5DCE150B4887,C87AB8F9743CB525ED829F57C1E81A101DD695DB,d06eeded244a147506a4cd8891e8e3ef,1980-01-01 00:00:00,23659190,com.edu.app.child,1,0,2018-01-21 17:22:19,4654448,play.google.com
BFBE497389612981FD0C16CA872F134AA87A3EAA873D5FA53811B0FAF12E7CD1,CAF1E899BE49C4539B839AE470ED95080C8CC6EF,8e3ceb28b1e31acf17d9d2ea4b01100c,1980-01-01 00:00:00,18824061,au.com.shebah.rider,290,0,2018-12-13 05:48:13,9328308,play.google.com
BFC0CCADFF57190D705262B13DBFC8045BE736040B7319FFE21FAAB51C205755,79C52BB268CA850D57C57C0940663321AE5F746F,ece253483ccfc420ed7303a3a312b87f,1980-01-01 00:00:00,10480201,ru.trip.android,80500,0,2018-12-08 02:31:41,9595316,play.google.com
BFC491CAFAC0C818A54AC91B6F85DAE6BDB8851E6E1767C780C569762CDF66BB,F5C7C70C3FBA6C37C0256E3EFDE2A7F623D1E1E1,314018924ada234cfc5b16fd7062e2e4,2018-03-05 16:34:18,23770114,com.visual3dscience.Dental,5,0,2018-06-13 14:47:54,3919188,play.google.com
BFC673D6790D0BC998348A13588D514EA4F45F04B30F044DD45D12FCCC83A2B0,D5CB5D292EE1A6C13E0FAB7E7A2BE3110EE2DA6F,06dd67997a47ee2d0f47e4ebdf7c338b,1980-01-01 00:00:00,9572143,com.dpplab.villain.quotes,2,0,2018-08-18 01:39:52,8757864,play.google.com
BFCA674AD44FD733E1AE8E4F0E434F59A11CA3C6F861BD58BAA3B501E1A5D545,174B24B69B881B394930E0C7A9D5B95F57E3D818,927a6903c40b188e145cb483478b4a01,2018-04-10 13:44:32,30325722,at.app.teddysvrshow,2,0,2018-10-02 21:37:57,722268,play.google.com
BFCB9F5932A1B01F17079120DB197ED4C7903B9CCA2CF445028DC68799FE91C5,BC32F12A9C5C45A074172DFF28AF84516A36F61E,b7731afc698c9aa524fbca80166fac29,2018-05-24 11:16:52,31443897,com.gss.offroad.taxi.driving,4,0,2018-05-25 00:46:08,7536052,play.google.com
BFCBC59760521C8195BDA78E4AD6428CE7E0D06DA6D5CEE7D5409F84B5D9851A,84D897E6DC138AAC97EDC0B071ACFC4639E3BCFC,276351663c27a28fa6bb29b7a79ba2e2,1980-01-01 00:00:00,2178707,com.bhbharesh.KaliKitab,2,0,2018-09-11 18:16:43,2722168,play.google.com
BFD1012EAB4ECCD1DDA952BC55FA22C27F0C01703EAFFE09E6B962B4C9C5AAE4,6C5B92F8C9C0E87BEFFCBD67C64DED6655DF39B2,30eb5fe0fafc6466119c769d8d42e67f,2017-02-07 20:33:02,29382325,com.gamedna.Chasers,80,0,2018-09-02 18:16:00,5950044,play.google.com
BFD18EAFC1790088FA5EF19E1104988ABB96EF457379EB0294FDBC60B0A06952,3F42934323FE1B8FCBD648F96CEF296D039B99CB,497097b1b86aa72ecea3a7028fa1bf71,1980-01-01 00:00:00,2033374,com.typsy.app,19,0,2018-09-16 13:04:41,3136628,play.google.com
BFD23B1C6478CCA31EF7B617710D5CB67A4EC7CD8F2DFD0BB444EB4E8F2A0138,9CA6A0CC661C5B9FA826FA3F0DF738DB86862C30,2567bba577ee7cca76978539b992928d,1980-01-01 00:00:00,3236061,com.viaapps.videos.bhojpuri4,2,0,2018-06-26 19:50:48,4518020,play.google.com
BFD2D6F47E9D203E13485DE7ABEC7F2C06F5C4BD9A61A8B196FC8B3A1F6A93C2,CC3B077CB4172724AF5509279D1B106E1F75D778,6266c1d2380a2d96ea05fe7c77b0d97d,2018-03-11 16:30:54,14729010,com.uedgeapps.walldecoratingideas,3,0,2018-09-08 07:20:06,5657736,play.google.com
BFD416400F6C3FE3A81F3282BC46885818BC0AABF94E00278D18120E8F88E62E,89D48BF1E3D7466957E65200AEDFD5F7F7A1B0D1,e4af2e6e0484d7c85c72c925da248375,1980-01-01 00:00:00,3465061,com.leis_android_clt.leis_android_clt,500,0,2018-11-01 14:10:57,4427380,play.google.com
BFD64D5987AA36D622060C03F504EDB06B9EB5B7233B75B2658CB6013200D804,9E3230A3E3DF61FB6D15405D5FE08FC07CD2DB0F,83bf80c7df40c311849954d97026673b,1980-01-01 00:00:00,8073593,cr.com.bctBanking.icBanking.androidUI,30,0,2018-10-18 22:41:17,2402240,play.google.com
BFD710667C88150941261ED8B44BAFA7CAED7112B841DCC461FDC4B2DE5F030D,2C9D0E29EE91252AD3353CE309CA12531689BD34,458c629be901e2eca6216084c9f16a8c,2017-09-22 10:22:38,29652307,com.tiny.m3f735f4c675c48829134cec36394fe66,62,0,2018-10-30 08:45:06,5683120,play.google.com
BFD72936F6A41B5372D3D08F4259A537D3A44C0B967D3E35D4AAA49BFB7DB8D2,79DE8AAB49FB553AF8B468EA90EB0B92F812760F,f20c0566c518226738036b608f75a082,1980-01-01 00:00:00,3270547,net.haberzamani.mobil,2,0,2018-09-28 12:09:01,4974292,play.google.com
BFD7529A87CEF6B577A8D6D46B1FA6AE9E68477454F59996260EA6CE62BCD9E5,F591B9BD01701AE86B01EAD9524470AF76934F4C,716dad24a851895084b93a1db9566a8c,2018-05-03 13:11:12,2232189,apps.infinite.scissorssound,5,0,2018-09-02 16:26:26,4006284,play.google.com
BFD84AC55F3A3E0B7AA8A2FAFA70F2F97C8B44DE45D58AFA616100B0714A4667,7937CF6642AA105F391521E962E6945C230B6974,876c0ff3c915f65d7d167ba671f05233,2018-04-04 20:56:46,4200978,ilabs.VrLens,3,0,2018-07-29 18:48:45,5908816,play.google.com
BFD8699835FFF47FE5062FED49E88597F6282A6351493599D3F32EEFA6AFACDB,9ADA2F1D770D2715172528914B82254E1994D269,e04f087e36d7535bef7824b320addd5a,2018-03-21 15:26:00,32967197,com.dignitygames.minigolfsmash,19,0,2018-07-28 11:14:48,5272032,play.google.com
BFD88D0A285AA3895F735F08B560CF83C963AE7CFFA60098AE7C7E73EB77C402,E3B791B2A7628410C2E9DF1EE1AAEEB5950BFE6B,efbeac73f984b6c3f924de3d316d1934,1980-01-01 00:00:00,6530956,th.co.infinitecorp.TwBoxManager,1,0,2018-09-29 09:34:19,7138636,play.google.com
BFD8A978E02E5C41F98070D691B24A35EA69A804914ECB6E116D42645A412509,974D6195A03B04607C84981259057E7F66F56364,cbc3e971c62c0c34d7111bc9e29035fb,1980-01-01 00:00:00,10491568,vn.net.vac.android.camnangmebau,14,0,2018-03-26 21:45:09,4464812,play.google.com
BFD93EE0AD1A0FAE9C9A35479B8724968E56D1ACB0D830266410DD804E644ABE,87CD3DFEAF353F56E3B7AA2B82969A42BC7573A9,c242d3dee6edf6566774ddb3422d5575,1980-01-01 00:00:00,2551488,com.mcsoft.passwordmemowifireaderfree,6,0,2018-09-22 15:52:38,4027084,play.google.com
BFDE6D97DA230E307D2DBB23436FAD593DB10459DAB57D07EE3F35EF4A25183C,C19C8AE530B76FE3110C1FB88331EECE236D83A6,ad5c2d967bcb5770a05c3f3d2f3fd9a6,2018-04-16 14:52:32,5497470,stem.jungle.bunny.run,3,0,2018-06-06 22:12:34,4669272,play.google.com
BFDED06B2AE5E0B1665F59643A6C1B5B5FDF5B28846ADC5DD88C9FC5F2A96E66,24FC528AF96363390BD49B244257C4141847DE41,a4a8cbecb9227b13aaf233e54fbde61e,1980-01-01 00:00:00,11928077,com.malaysiadecides.app,41,0,2018-10-05 19:38:32,8676536,play.google.com
BFE04444C446F3B75FF5E0D7A58D10708F49C5D78FA6B8C7323C03F24BD3BB06,D3B580EC957E451B6B799DB02167DCFE877E5B2A,79b831364a5cfe1244a8bc8437204641,2017-12-15 14:14:52,15513213,com.plafcollage.cornphotocollagemaker,3,0,2018-08-29 05:26:58,4991604,play.google.com
BFE04A7C6946B8A852525B52B34A8657DE8F809B6C561F2384FDD3DC263E1594,8A057FE7EBBBA6DB9E15D5D0E9BDAAD10D97CC4B,001966006ed68be5ad03d52cd7c4b9f8,1980-01-01 00:00:00,29181298,com.reachjunction.card.game.solitaire,18101,0,2018-10-08 19:29:58,8923032,play.google.com
BFE4CFDA7F76F33AA07B0A6FF99480B33CA2D523C8A84F43142F3B33159A1B97,2D5C7A3B04E0A68E43273951B87582A962470613,3b45d89bded7899f4c57097151c8559e,1980-01-01 00:00:00,9674660,com.megogo.application,118,0,2018-07-29 22:05:09,9743440,play.google.com
BFE4F27D9043C9FD9FF8745403520AB8E743C73E9A407667BAAB98691D0D1BC4,4BD0C89850CEFBA2CACB47606EA2D3CED5F85C5D,39ffba49543f16fc141725c1c927f813,2018-05-02 12:59:12,20103478,com.Tatsuki.Tower,180,0,2018-08-13 14:25:22,6485416,play.google.com|appchina
BFE61FD0F45315024FE54AB26932E56F6E2B91B8F6CF143240DCDF8D1F3EF8A2,BA7A901F3EDD8BA06B0E73994B6FDEE94C1213F0,b6bcfe231a1c0391e78d587e374a2ec2,2018-04-08 13:59:32,3960357,com.creamofchickensouprecipes.fullcomplete,6,0,2018-07-12 18:08:15,3926836,play.google.com
BFE8E07A40040ED216CF59C804892549B3BBA1D2BC00C5BFCF348A848FF4A76A,628277BD77525BD2CCAD828F67A2A923F781AF49,cdb7dec11ecbeb361fe8c46d82c1c0b3,2018-03-16 18:35:30,3702930,com.unodream.dreamapp_android.giftpaycokr,93,0,2018-07-04 11:48:09,6692084,play.google.com
BFE938677953F9B39F70C12A472D1EF28A8C987E126404776AA0521E29FBB28B,05627F8B1BA421BD3A591C2EE6F7943A08857140,3fb326b3971c08b8e16d9c8c4fd92bc2,2008-02-29 03:33:46,29045018,app.tips.happyglass.levels,2,0,2018-10-17 21:51:29,4635100,play.google.com
BFEB4069EF28C6D847FE257646DAF3325512D4FB418F989C3429904EE9D9795E,98AE384E1DE27D59E1C3E1CEB1DAF7FB1EFC4798,1b2cf854933739da0a791c3868322216,2018-03-14 13:19:52,25365798,com.tabbuzz.muslimhijabmakeover,6,0,2018-06-19 21:37:27,4099152,play.google.com
BFEB42F6A8CFA828AAFF4B816D20ED3DE071BB1EE8C6BFABDFF21A43B2F64E05,2FD51AC0882488C9C1189EEDA4C9AFACFAF9D9F3,6397c1b6f941d35f73a4da57378f19bc,2018-03-18 23:52:52,26369157,com.hoops.tappyshots,6,0,2018-04-23 00:03:13,3251468,play.google.com
BFEC70AD5F6841934985149E8D58D53A4D41EACACAD277C8DFE2EE180E500EAA,939318CD22C016061C7BBC462AB9D80B2B0A2FA5,3885ebb6bd5b112e4ecb509b6dac7067,2017-06-07 10:48:14,22009781,com.benoukat.doctroc,3,0,2018-08-28 08:46:08,131304,play.google.com
BFEC9851A83BE49766A54343C733FEAE8F533EF7B76562BA50AA5F3E6FC12214,018ECA522B90F7D96B504072E7B10D26B6C4E528,9ad41c7bb765efda1a376d80058d42ef,2017-12-06 19:19:58,5061328,ru.zzzzz.ZvTARu,2,0,2018-06-28 04:04:48,3996264,play.google.com
BFF0077DB49118F6B4B3A9A6511CFE1BD74477229D1922B90B8A54867FF0DBC8,AA9318F84E1F4FBABBED0CD601E7E4A4EEEBC338,30e4305edd075cbde971b1acc876734b,1980-01-01 00:00:00,8064445,com.sportractive,161,0,2018-07-26 02:01:16,7265272,play.google.com
BFF29EEC5021FDC25C8602D59EC877AAE167484DCF2499BBF7BD26295E4BB9EF,78CB960D722F90B056B7FD21FDC54A048E54863A,2bb481a8af9679851623d22c3141677a,1980-01-01 00:00:00,14714727,com.trackensure.eld,181,0,2018-12-23 03:34:01,4220208,play.google.com
BFF3764499CD84393EF9FE6FB4279C4E863CC84321298B6D5839C73A189AFB35,1B46A00A851A16476C43CB5A6F3FF2E87CA96BE7,38107f2c0320184cdbf3179edda51ad5,2017-08-02 00:11:44,6720790,com.emporisengg.WomanSareePhotoSuit,2,0,2018-10-18 07:41:27,5645952,play.google.com
BFF405F94F47E22ACCA45D3E509F95EE4ACE9A3B754918006AF6F35118FF1283,DC4E281B1D2CFAF34E938CE130C98E3C3128120F,e22befd900354bde44d35cf6aeb76e95,1980-01-01 00:00:00,2630135,com.mode.silent,1,0,2018-03-25 23:45:45,4520112,play.google.com
BFF4234F55FF0739B21FA24AE49946FA7306FDB93F5CEC533924BF6261875BC2,E510C5ADACD5DC4EE895F4E8EF3DFC9918462281,4405f9230baa96ff87ddb76fe70a88db,1980-01-01 00:00:00,21724350,ak.detaysoft.izmak2,67,0,2018-08-25 13:52:01,4917620,play.google.com
BFF6CC1C5B09B4826059445C287A5F84F7490C7CB8562F2EA1AF2C9472D9664C,CC8B6E3A54989F849BF673E76C3945862C458726,604a079f27d779d64002c8907881ef6a,2018-05-24 09:52:50,4255324,ro.activesoft.pieseauto,5,0,2018-10-06 14:23:09,7317920,play.google.com
BFF7C7347EA33CF2808955571D31A07E15E413B2238F2314D5FD022A237C4322,9AD66AD78E516D000320C244599F45224C9B73C7,3be67e7763920ddd53c57e94186ea7cb,2018-07-09 18:39:24,15582761,air.com.learningupgrade.learnup,1004002,0,2018-08-30 11:25:53,3167276,play.google.com
BFF8443DF6301609E9366C9C5456D2A01CBA52502BF5756C0496A2F8AD6B7DFD,E58ABFA3C5581EBEC8A1534BC9BABBDD925B6A39,fb4710ccde5b02917e42dd6839c87668,1980-01-01 00:00:00,2914877,com.groundwidgets.wilshire,35,0,2018-07-26 08:17:02,1915864,play.google.com
BFF92DA822CE955B0BA3D183D0C41613D710B067FC9D879BE99C57834A8D2B44,E2A8450BCE0FBB60005BF2B600A2CEF9E423DD4A,de9fa3a58461f2075efa9c96ff9574ba,2018-04-08 15:26:22,5124170,com.fruitjellyrecipesfullcomplete,6,0,2018-05-28 18:41:52,3926500,play.google.com
BFFC9D64BEABEF77032DD6243CA0FE46E732D5B7CC325351A8ABC446DD48668B,A32804DEE6AAADE1A79BA962D9D1194BE0171611,7613ebec62ec899291e44f945f3dbbdb,2018-04-15 02:53:24,1937020,net.oxdb.Tracking,15,0,2018-04-24 11:35:43,1924844,play.google.com
BFFCA41B7841593835E4205F3CF805028BB2951BAD9C888052EE3AC7ACA231DC,EAEEB277763A0202E68A1DBBD4B783D1EA1C373B,974cc6a25d43a0ad94ba1a836ba842f9,1980-01-01 00:00:00,21020652,com.swipe.brick.breaker,181002,0,2018-11-11 17:40:01,8475736,play.google.com
BFFD4CA070BE2A82311B170D3AD1A8020798A27685FB36A5DAB633755E60C266,8F0083C7491FD0DD5771BF149898D1C13D982106,aedfee92c7a1d23d836ca23dace2c3d6,2017-03-14 09:58:26,10611403,com.web.bangalore,29,0,2018-10-05 09:17:39,6866140,play.google.com
BFFEE8837031F839EF4E517C86DBA1C6B5914550FC2F569980139E54226E21EA,BF8A81A501E30864E7AD239BE419B5865984A892,8bfebe049a6a2ae136b120a102a118c8,1980-01-01 00:00:00,4127855,com.bhavitech.christianbabynames,29,0,2018-04-24 13:26:53,6645320,play.google.com
C00032D9346D8EECF81FD857578328F39BD866294355803AA094B3222709B207,DC7AD25B273BAC12AE1A53D6455DFD6978BD7DC5,04b246078c042f0c7ab0373d5fbfac64,1980-01-01 00:00:00,2870843,com.shuvoappsbd.drutobirjopatersomadhan,3,0,2018-08-02 22:55:48,4127700,play.google.com
C001DB056351F0335D21A9473D7F51F0851E5A2EBB315A37451EEC925844213B,F113405CF8A3FAA3F94CFC324ED4D40CE6B9BDB2,b1174a98b9797f3c551e5989f5dbe276,2018-02-25 20:56:22,4877313,game.peanutpanda.b3c3,2,0,2018-10-02 13:03:33,3932088,play.google.com
C003D33D3B81966764C183A461B185530412591550CA729438F1A5DAA603D14D,1262C22E7E735B75BE63B871BB9495FCF77C15FF,3b613a1f8c8b08c8cbb00228293b9e79,2018-01-26 02:56:36,3224173,com.doaibu.lonely,9,0,2018-03-26 20:51:40,5670556,play.google.com
C004196D0674D42391B74981A9B1E3F7278AB9EBED9DDF1ADB2A5AE532080D37,5C7881293D39AAB04CECC3F8443FD3E4CB4F902D,d1795c8358e1a2ff9e53d24303ea1d0e,1980-01-01 00:00:00,2625856,com.asitis.cameratranslatorall,32,0,2018-04-27 11:50:02,4052184,play.google.com
C004AE5BC5955CC180A5B45BCE02D31D27B5017686236F0A054A947DEFF1F6DE,FEE814CC63F44788CA387DFBD3A61C9A7BB94FD8,80098c9338319ae19af3be4bb655a20d,2018-03-17 23:33:50,7319802,com.dreamystudios.waterfountainphotoframes,1,0,2018-03-21 00:34:29,2799968,play.google.com
C0057CF542D5C12477E7B43EB0C390DE92567A03EE6C1A805E70F1F1423C5FA9,C83E39264726C77BB7C4E8304281D9BF33BEC124,b80441782c2d4749f3dd2ed7efd4bd0e,2018-03-06 06:17:08,3382235,theme3d.iron.red.hero.man,10108,0,2018-04-15 07:29:28,4376892,play.google.com
C007B930CFA12D39EC6895A57B43A3D9A7526F7C388CA4530748D6A1928785A3,34F8BA702C7988D67D1BEB3CE417D5A31D9829DC,0d003c54b34543bbcceaff9a7100e297,2016-10-17 15:58:38,6399104,uk.co.parentmail.parentmail.oem.oemNorthmeadGuildford250011268,5,0,2018-12-17 02:52:48,7691272,play.google.com
C0092924199A76D3C9C8A9D1A6B59B947B4196F611F72C18D894055964777C6E,7B6484C918A1F46CE8005E1704DACBCB6B05CB1D,bc6a16df3d515954e8f2eecc20cbf06d,1980-01-01 00:00:00,2492814,video.player.all.format.mpeg.mp4.vob.avi.wmv.gp.flv.full.hd.app.download.downloader.karaoke.mx.max.quality.high.vidmat.vlc.eq,1,0,2018-08-15 12:10:49,4742908,play.google.com
C009F2E38538E747B068E14C36B9DDC2E49A25D01B64A5FBA62505D783C65494,CA5AA4F1923D4B5C9AD7CF6A3E28C53980F7355C,494cb51bc3821df3d027a5b27b3f1c4f,1980-01-01 00:00:00,13613068,com.lusyakovertkina.CarWallpaperRollsRoyceWraith,7,0,2018-11-29 03:56:26,5805300,play.google.com
C00A684B6AE36139B7266591C334EE249973999CD2F0D095E360A2B3F7733160,BFC8351299CDD8BC7D9430F5246CB150432F63CE,add99255089d320764ddbabc8b828686,1980-01-01 00:00:00,4003065,com.urva.marathibabynamesApp,11,0,2018-12-11 03:47:10,4902528,play.google.com
C00C4B86608A7058DD3EBE27825004DEFF87EFD8FA0551EFBFBE1202D048F393,B3CEA30BD34884C81D3164F3023811251AA42517,8342b3cb3ce4e5e52a61a4869ed4248c,1980-01-01 00:00:00,6447843,varkanya.matrimonial.marriage,76,0,2018-09-20 18:59:07,7855684,play.google.com
C00E5FD125E2FC4E7E5E456F91AA2E5D98BECBF3C6837DC6CA9332A1B7701E8B,4F4AF6E8584850610FD3165CD1A89093EAE0DFCE,b87dac69dbba4e9c7678089c8cb61edb,1980-01-01 00:00:00,11582279,industry.wischual.com.jt,3,0,2018-03-05 16:19:13,8613316,play.google.com
C010EED48EB2871348217362DAACD57C1B039785AD14FDA188970E68B0EAEFF6,BDCC313204CC6C1C770E2570B618CE70770DC731,1cb65f3e1b1744245d47e048d12c1457,1980-01-01 00:00:00,2847774,com.top_significados_dos_sonhos_hindi.top_significados_dos_sonhos_hindi,450,0,2018-09-24 18:44:54,4428368,play.google.com
C0111AE3CC907D5F04A37D7124767CFEEBECD58A1C40AD2E19706C38A629AFCA,424303A711E507082BFB390F09B384A50288E2AB,be57f7dc91250fc25da4a2a5cb057d0f,1980-01-01 00:00:00,18482991,com.brightspace.mobile.folio,8116,0,2018-05-27 23:38:22,4407476,play.google.com
C0139323DBA53507B809538BC61D7F8C7D6AA76558280522FBA8ED0C7B531AF9,A7060735B752FD4C82717ED900158C954CAD08D2,f4168c6ee2a054ef5c6112a501d174b1,1980-01-01 00:00:00,6848310,com.jacapps.kazgam,12,0,2018-07-10 23:52:06,9275080,play.google.com
C0149F7F4EDDBEEF99CCBAE621683263DBF20619C97BF9307A3C0D5E863DA27C,846C4883A23BF00ACDDBE02FDBF504A6AEF5AEFC,dc1383e29561f159852ef6721725e578,1980-01-01 00:00:00,22509275,com.wanakua.panel.appbuengustoappsrestaurantes,110000,0,2018-09-15 13:06:34,5758956,play.google.com
C014ECF0C4425EAC09567FA7ABBF76758576FEBB250AB5B0CC1542AE964FB70E,9E4DAAC25E22047B11B0C15646624F1CFE221503,b84dde2471df9f60dfd90756435822cc,1980-01-01 00:00:00,11625861,com.hmobile.biblekjv,108,0,2018-08-02 21:13:58,8664528,play.google.com
C0157F39199E8BC95FE2DFB84FC55DCB0B1EED45B876A18DBC04517E6695C94D,2857882A23D7E718C7775F1722F5124818263502,99515684b1b8044c82b729296cef3851,1980-01-01 00:00:00,5703105,com.tj.flowers.app,38,0,2018-08-30 07:50:53,5460448,play.google.com
C0164D4C170F68B5A92476AEF33C6C509E57D13081FA3136F2998C10837F65A6,3BAC9A61CD0D5C49C2354F55A092B5074633D850,322b80eb900f208da77e7fa66b5972c6,1980-01-01 00:00:00,17478386,in.nexzone.ccna,3,0,2018-09-06 11:37:49,8502748,play.google.com
C017ADC4EEE0809720A23DEFFE6701E162E5DF4A2D64D063EB03CE2C63564461,D469A8620DD5286A29AD487DC91AA70C54FBD179,1bd9f8e36fcdaea8c7810bd2d8c339b5,1980-01-01 00:00:00,11157048,com.spustech.playtofeet,11,0,2018-10-12 22:36:36,7497688,play.google.com
C0186D88EE97D965E8123661985C6468A62879B78B3C6E00D1F9EA19C12C73A1,727088B241DFC6967F904F3C2B55613875B4040F,71dfcc4870b2b1d717e70f87359270fd,1980-01-01 00:00:00,22018281,sadafent.DarhiMundanaGunaheKabeera,1,0,2018-10-06 14:38:19,3824252,play.google.com
C01B96D5882F9B11724C3A0AC539575EA99E7941C86DAE3EB6A2298F15268096,88F56BBAFBFD30CD82BBC9064B7D851185D757CF,0f99bac58fb74c9a38dc16e8cf5ffbe0,1980-01-01 00:00:00,17409420,com.jasonette.jason,18,0,2018-08-23 07:23:31,5604308,play.google.com
C01C185A81543A41C66C645DC499D9CD767449D5CE853D064494A646E5D6F20D,BA5E1F0A53C2F612269CEF0CED1244C5693186C4,d77b70983b26d4124ceb87268b8a599b,2018-03-24 16:51:12,3669790,km.app.FamilyDoctorProphet,1,0,2018-08-18 05:31:25,5876216,play.google.com
C01F639EE6242FBEF509BAD8EF7A80591114BFAB25394F7C19233E3958AB67BD,4C45EBE9AE535667B84B1A44052208002EBFF9F6,40a477e0b84a569c8da1eca5c80d9911,1980-01-01 00:00:00,2835541,com.garido.spoty,1,0,2018-09-02 22:26:13,4422392,play.google.com
C01F9AD005F670AB349D933E5C5015871D85681B1D54D787F918F63D6DC62E2D,F154743B6DCF1725F2623984659F8F7F42D4FE54,30b5cedf7ab7c354e97331772cebde1b,1980-01-01 00:00:00,28240504,com.healthymummy.uk.app,48000003,0,2018-10-23 03:30:30,3443768,play.google.com
C01FB83D759DABD03F4000A6F6DC08AC87F49FA400645C64B3288A9066686DDC,A7CCC35FAACC273B568919AEFCD2BF0816054E0C,c19f66f942da9f0ae36c42a927e03794,2008-02-29 02:33:46,4053629,com.adamdevtools.iktar.almotabi3ine,3,0,2018-02-26 01:29:15,5118996,play.google.com
C022C8717D42F637722F6D1D78D859D7C415BA6F697FCC6CDA498AEB46352458,57F032ACB80D402DCF381E7BFD8C7FE741F1FC28,0fb381b1e406766fd7476c966bded2e5,2017-06-29 16:58:40,26701786,com.pile.plt.paid,3,0,2018-06-11 13:09:09,3796680,play.google.com
C024F8135D3CD81DA4E63E99CB357C422EB804531516D4090E2DCD171B502945,143172D8F62E5D3CEF2399301B581CFA2DAC7AD3,45ec5d945ea96331926a354a9d68f1e7,2018-05-08 15:24:00,3097470,com.taradod.chiralou,2,0,2018-09-04 04:53:57,5428264,play.google.com
C0253DB72BD1E77B2ABDA02DDEBD16F72379F8D1B25E9CB42261E2A0206F37D4,1861456FCD9F8C75590AEF4051342F6AEABF5547,c4631e10d711002719907acc13c82810,1980-01-01 00:00:00,10484798,net.volcanomobile.midifileplayer,35,0,2018-09-04 06:10:41,6252424,play.google.com
C02690F6101A83E2E17CB4FA18A67D55E4DADEEB51FB0F93623100A42EC0E313,A81259748BD5DEEC9D48B1CAE0F54AEF9DCCED10,bbc08f9430ade4b94a14eccb8922067b,1980-01-01 00:00:00,4211583,com.amrmustafa.sooqnew,104,0,2018-08-31 07:52:34,6070312,play.google.com
C0287079B11129A5082168247F003E9121F2A404E84F1B346D7B443E4EB4AA60,1CC7F86F0F5343276185104AAA7D13E26B5FDF54,beab4826e693568ff40a7188e30f2bdf,2018-04-25 09:50:10,7603577,br.com.casaopen.sportplace.cruzazulnoticias,20,0,2018-09-19 12:04:22,4795276,play.google.com
C02959A5FB443003022C96E1E185DB0F6E5F7238F5834FF2845ED30315CCABEF,CF25AFEF6A75FCB0A763815C036CCE1B5607A1AC,e08e7e6a2ad591a755f6546400cb8c3a,1980-01-01 00:00:00,11997178,com.app_da029.layout,2001,0,2018-10-07 16:14:39,8674508,play.google.com
C02C8EDA675153B62A470D6FD33E950AEE5C57AF29CD75C61BEF059203FEFD48,7C98A292279050F6776189126C46F5960D915F5E,d67b305c8f11a2808a6f3fa4987802e6,1980-01-01 00:00:00,23110141,com.grandsons.dictboxku,610,0,2018-08-15 10:36:45,7746484,play.google.com
C02D9EB62890D976757176450A75FC802DF9E5B11E04B404A86540A552627816,FCB3E1805B5715E181CC042C005E624BA6EBBE2A,16943f245e54f1b5f571b1a4f83fd6f5,1980-01-01 00:00:00,4531700,jobs.bhutanJobs,5,0,2018-09-25 13:33:31,5506412,play.google.com
C02DB3009618A53F6D66B7560B9992A75B006A7594DF59CB9057C411755E9F82,0ACBCBA7A768519F71C60808EF388299EDC79A41,199e804512e180025b9c20c15fbfeab0,1980-01-01 00:00:00,12437514,com.app_loromani.layout,1001,0,2018-08-26 10:45:56,8672636,play.google.com
C02DF3727C2BB53F357EEE5E003D6F87AC711201189EBF300D18A3426E039FCD,BEA528BA90FFBA5E2674677A4AD3ECC399F81D46,af6ac0abb9f4efe2ee7870b71ec405ba,1980-01-01 00:00:00,5877457,com.aer.ondafmtrelew,20180607,0,2018-10-07 13:54:51,8312144,play.google.com
C02F74FC9E92613344916CB2B1FFDA1EA426CBC7C405BEB6C408C11D0036FCB1,7F6F744BCFC75BA7F63B2578241CC7DC43C2C276,bef4889372ce514c135c431f5c1cf992,2017-04-13 12:06:16,6516696,com.rar3creativestudio.vbizmy,1,0,2018-11-16 22:27:49,5423032,play.google.com
C031854C89864DEE1C91566A7E208FA34CB7ACE58A9C2B3FF582705FE9E9424B,6113C34899AF6B4FAB62B99E3673D0AC56CF5D0F,7044a1658853c2b0d7e8c127c468dbae,1980-01-01 00:00:00,27992366,co.pamobile.mcpe.addonsmaker,15,0,2018-07-18 04:40:35,8172180,appchina|play.google.com
C033DAAD22F4FBA3BBEFDDF096862888D578A913CC368123021AE8621BB97538,41D1CEB874E4BA8CF2C3C9A5E25789E7A86F3F52,49feb8e9726fcaa7ba0d088f54d2e304,1980-01-01 00:00:00,7282289,com.tookanmanager,135,0,2018-08-18 21:53:19,5097128,play.google.com
C0342D13BCF02CD4B78DF5A64ADC132124105FE7A29331FEB5316D69E27CCDB0,AA03E4C43C5F806F2CE92BF9BFAE64334BAB6504,c41f3b81dab2ef2f592f26157eb7fd60,2018-03-08 16:07:48,4767144,com.launcher.theme3d.t600000931,10201,0,2018-05-01 18:03:17,4378200,play.google.com
C035B32773A3065AD7F72035EE031F12E3FD2E7600DBCF6A09BCFC16A827A151,B85744FC6FAC5F0F5138F66B652345FCBFCA8169,10b062f3283d4dcee2ea40dbae4047c6,2018-05-21 08:10:44,3162506,keyboard.theme.k820004737,10001006,0,2018-08-06 12:17:23,708548,play.google.com
C03634237D331E173E8E8634E3FD2D4DF5B43C95A989B7702EF2B6F8EC930A9D,1003EB0C2EF761A465385C0CF51408EC23CA2B83,37e5b36d142a477ac694e0f20262ec33,1980-01-01 00:00:00,2540480,com.ssocomms.celltrionbbs,11,0,2018-09-24 11:38:26,4561600,play.google.com
C039EDE43484F796BD21A1DB5B665F045BB00C84BA6C6B90CEAEC1FCAA1537EB,18C2994A11F0C0194AAADAC1BA18A18D2F5C7EA6,90d0d575997089d8f5b776fb8b8ba4e8,1980-01-01 00:00:00,1460287,ru.KirEA.AutoStatic,99,0,2018-09-20 11:26:22,1457908,play.google.com
C03ADD04AFC475BA2F9031AE64AD88F25B5BC9CD3C0743DA5B3053C96858EE40,A93910FFBA7F6FF5EFAFC4731025ADE50FE98D5F,2b4db4dc8ca1ae30b89a0749c231bc41,1980-01-01 00:00:00,6770340,com.appbasic.photonamelivewallpaper,4,0,2018-03-23 18:39:46,3186984,play.google.com
C03CDD6CABF4DF4D0692DD5DD2538E39945FA87C78C755BDB798E01A9EFD3A89,B7BAE07A8B34A1E25BD9B052E44152FBA832CF88,cf5409b5d81847619b51df32b500f4f9,2018-09-07 06:13:44,6611916,com.vancetee.waterfx,3,0,2018-10-11 11:34:17,7720344,play.google.com
C03CF5FA8F36D373D444F6B09F17A790AED058CED630E1FE7431B38B0D8529E0,21ACB8E8B316F54EF55CAE69D5FC7299D4D62AA6,26825c02895be290bb5b71f27295b1ea,2017-07-15 04:51:08,14975618,com.vemoot,310,0,2018-07-24 05:24:18,8658988,play.google.com
C03D567BDB0732620ED86FFAC7694F965BAE608AD983D87B2888E7BE19AA29CF,208A713F9DBBB5F244C609E3FC0860706CC849AB,2382f9ab4dc6a3d2dbd6c7ad477da2a4,2017-08-22 20:33:42,14453026,com.atlocalapp,2,0,2018-09-21 16:39:53,8952460,play.google.com
C044A32E31ABE54728FEC6BF676DC143716FAFBEC6FB3249CC8818DB9176B9CB,CF595DC4108CCF2B884B054875A215DF20F900D3,facf963dc6d04844b9d3b0d3019e63a8,2018-05-14 23:41:32,3204962,com.DadilApp.super_Recovery,2,0,2018-07-12 23:33:42,4396012,play.google.com
C0471088ABD3376B983B928503A6866A88361B9AC59C4DE5EFADCA94B0960F7E,FE21AB301BEB495CC1A261A755ADCA3D292F116C,d2b0339236ab6d9ad0af23d5a0b9b1aa,1980-01-01 00:00:00,12216528,con.vpn.proxy.supervpn.vpnproxy,2,0,2018-06-27 13:12:58,7439452,play.google.com
C048FDFB6CB50211AC6DA5C7FA65345279AF237D0EB4A67DBD535C76169898B6,2ADD839C172BB165685F9A2A91CDBC630DC2C246,c104de3a50861f84bd6dfdabdefc6250,1980-01-01 00:00:00,3541528,com.inthavonglovanh.newleeseunggiwallpaperkpop4khd,1,0,2018-09-26 11:41:29,5555720,play.google.com
C04FD71BC2ECDDED71C664B8F703CA84EECE2B613961B91DB2A1809FA522BAD5,15B6814AD10C0DCE05182B853626B9C257F7AA99,f048851c93c519c257db2fe56cf7641c,2018-01-16 11:41:32,3950952,com.historyisfun.albania,3,0,2018-06-12 08:04:15,4999240,play.google.com
C051AE4BC48CC03AA6498B4405EFC6AE370841E2413DD0A50F169298E18A3F10,FF68FB5C5108FB52913E297F9DF47315B09A05EA,8cfb71408b319ff8c3d76e3df71660ed,2018-05-23 10:27:18,3400605,com.kkkeyboard.emoji.keyboard.theme.FlatWhite,175,0,2018-09-23 14:08:26,4840784,play.google.com
C051F8213F112578EBCB5190409ABA31EDE1BADD3E7982DB9D645BE5C80F075D,900519F5AC15FDE10C26C895DA1E859105597BE2,d98b8ffc2f44321e9194d3b452a19640,2018-05-26 01:20:36,4539288,com.ramuanherbalpenumbuhrambut.kumpulanramuanherbal.mesotheliaomalawfirm,1,0,2018-08-31 09:27:13,1942700,play.google.com
C05201E699506E5A8754DE442E9459F2D73D7AA121A7242EE80E9D10113B818D,DE209241B43AAAF567E746F482B41524E4BA52AF,2abc07c4d0a37721c876089719b772c1,2018-04-20 10:26:30,8460900,lk.gamma.pizzakraft.PizzaHut,33,0,2018-09-02 19:33:17,8839448,play.google.com
C052A75403CBDA944E464362A443C9494C57D3363ED802E0CEAC568967440470,B284757EF186ACF85A67B5F771552DC90F218757,fafb9db48be42ae72921f741ba78e906,1980-01-01 00:00:00,3285260,com.andromo.dev614192.app762604,1,0,2018-03-20 10:31:26,4237916,play.google.com
C053502923A79AFE0BC978EE04EAA8F148C7EB922301B90F21021459C508745A,4CA4C8FD90C0D8DFA8B5AA1182D6AAA1456D85DC,a977985af98c12f102083a5b767ba0df,2018-04-26 17:55:36,7856195,forts.in.india,68,0,2018-10-05 18:50:58,8624596,play.google.com
C053D9FB8A6FC28E7E8A70D86E314ACCDCE0093E28B291A77EC3147AE6707857,E7934A7FAFBD8329461660AADA426FD95DE55BAB,876709a9895cc3aebc145f331ce5dd19,2018-03-21 14:10:54,14778557,us.jojo.siwa.doll.fun.games,3,0,2018-09-02 22:58:58,5963184,play.google.com
C05705B9BC735FC4496925819E9B27660BFC8B60212F3E1C9573090854AA7D6B,4CB972D735EEFF32CDF6D0EB8759D5C6DA545FE2,4b5d2087ee117aa230387a2a6904e243,2018-01-01 16:44:32,3184636,com.OfflineDownload.TahirulQadri,2,0,2018-07-21 11:47:11,6334260,play.google.com
C05C86A65E0D6060F7A2DE9039753A806F86E5030FA8F2F1CD9F5A024055D8DF,0579E23330E9506EC2FDCA1CC94798030C89E552,480a9a3ecd4d6bf7a27bd6318a507f96,2017-10-22 10:17:34,3715827,com.heron.wallpaper.freehdimages.heronphoto.bestpicture,3,0,2018-06-24 13:46:53,3984520,play.google.com
C05D4F42B2F0929E8C236A6B690BF93F5FF9608CD590F688B78C0846E295C779,3365AF572AD3AA7A1D52CB33A0A500E92E59F5B6,986e592666e9cb8970f6e58ef22a1f88,1980-01-01 00:00:00,4711188,theme.skull.bones.wallpaper.sons.of.anarchy.tv.series.logo.california.steampunk.mechanical.backgrounds.skul.demon.bone.locx,1,0,2018-09-20 15:07:23,917320,play.google.com
C05FDEC31496E549ECF9D1132CCA28D8E63B990C991B187FA6FD0B670BB4736F,16883D9C61B653D643CDA81804C98E8542569CB2,de107eae616fe7cb180ca384eb485d6d,1980-01-01 00:00:00,3037415,com.andromo.dev6860.app400353,21,0,2018-04-29 23:24:39,2711788,play.google.com
C06025EA9509F376332BECFD10C08E6BA5B0ED61B25F3EC6054E097F2799A8EC,A5E9C8316F7078AAEB7ABD5C3A0CD6842E9D791B,3f0474a637c2b54f9fcf18d45ec87295,1980-01-01 00:00:00,3103563,com.jagoanbaru.lasmejorescanciones,2,0,2018-07-07 12:04:19,4381944,play.google.com
C0622A2709CF254CCE9B302DDB8400EA3F3C7B7FDC94A1A8657126724A9C1CDA,E48BFB2B369042AB606C2BB71AC44AFB592C99A5,9696df48a69d0c006b82fb4bae6031fc,2018-01-30 08:44:12,10571019,com.barbie.ve.ailesi.evcilik.tv.oujism,3,0,2018-02-03 03:32:47,8701628,play.google.com
C06331B37ACE4F57034D4284913B32DF6E8B0A9BABD3C26F27B87C20950AB098,C8B21F1037AA70C0C5DCF45C3E3ECC21303510AD,84fb253dce319950847e94e2885a11bc,1980-01-01 00:00:00,6340243,com.aakruti.kanakadurgachits,8,0,2018-07-04 16:07:16,6844688,play.google.com
C0693FDEC92651C93472AE4FE3FAAF4DCF7F5C59281117C010D9F1B9B5C8B786,C12D337B4CE99DE34BC21F9D9283638D06992790,52db4d04b740cb7a753a2e04ff46e3c8,1980-01-01 00:00:00,20073973,net.appquick.maker.android5b88d82591fc6,100000,0,2018-10-28 07:43:14,7123404,play.google.com
C06B47C6C300121FBAE360324F91C9657B8D1AE3D3BAECD3339319E75610352F,D9CD4975CBC8CA97D1B99FEF6B4318191B9D1994,fa4e3f59d963bc150f179e8038fff700,1980-01-01 00:00:00,8273006,com.onetv.beyonce,52,0,2018-10-18 06:16:42,9046312,play.google.com
C06EAD91C80CAA3F65ADFCD0391DF82723BC62186915492E0F3E47388E542E78,13773C69FCA02901D3842FF8CA6BEDB75614A108,e7fbaab522cbc88eeecbc713f9fa3769,1980-01-01 00:00:00,4651186,com.azimuth.csereviewerph,14,0,2018-12-21 03:17:22,7695292,play.google.com
C072ED9388BBFEB41B057E320ABEC6D23EC8B1E4A35103D8864DF0ED95C40456,3B1D2B379155B0094B374023F77656EA2B56CC4F,767bb51c2f44e25ebca390cc6c309018,2018-03-28 00:13:28,3142821,biz.binarysolutions.elevation,25,0,2018-04-24 12:08:18,5525716,play.google.com
C078268DAF1F7EBFB134F5BA472BE33CB831600C886C69E03DADFEEC651EB9DE,C5A4F2C861ABAB4726B20B5B3B7F0583231828AC,edf7aa5ef58bcd7c01698148e78531fd,2018-05-24 11:27:30,5033038,com.mobyi.kidsPoems,18,0,2018-05-25 21:11:48,7243836,play.google.com
C07A48AA6938F943CA230119E6676235097D2FFBC14D023F044E79CA48288BAB,B2E36B84691FD72DA3D3C4B12CAA6802440368CE,705a0a6986b2474cccb6b68cbfc5d2a5,1980-01-01 00:00:00,15888842,com.tupe.make.me.old.face.changer,4,0,2018-10-29 07:17:09,4938168,play.google.com
C07EFDF267323B62F060BB88A6D259357E75960D67AC4211C9C60F9AAD429FAA,335021E642D53EA198E576BD9A53F74DCFA7C3A2,ce756f71fb3ca3a0b00b41e4b449d7ad,1980-01-01 00:00:00,4112052,com.VideoStatus.NavratriFA,1,0,2018-11-02 08:45:03,6133820,play.google.com
C08182447030559685C844432E0C04732BDC217582AD6CFAB6F06DA367D191DF,1094CD32F61D81D8FC96BFD884918DCA7B8A6F00,0e4d277e1575ce5b78994ac6ac86aa07,1980-01-01 00:00:00,4444029,com.education.jibananandadasbikhatokobitasumh,1,0,2018-09-25 20:59:43,5353204,play.google.com
C081CA8B8834D891FEF3F430CD1ACC8C02BA0BDB72C3514490C6E66149AF9190,0BE03CD853FF3866282E3DFA941CEE20304C3D85,9b3c625e64de258d9d69154c1ee880eb,1980-01-01 00:00:00,8457272,com.appealqualiserve.sanskar.propectacademykolkata,1,0,2018-08-29 11:03:33,9292340,play.google.com
C0849CC9A3E126E0A8128B273D02C91BAB275EC24A9D105AECA75F62F21C36A8,960C07E34D6436E381C233FE06D252525C1808D2,eb2b914ac770efd6a941407a515af306,2018-04-26 21:57:44,30321624,com.murat.frozenicequeen,17,0,2018-08-26 05:49:16,3269732,play.google.com
C087AD4BEBDEFCA9839CE0F5F9A7E709DA59E2AF9354B19F7C4FA23D8F5BBFEE,B2F1001267B53C6776626E683D6579CC4AD3C658,c25914040bae7a1be67c0e15c46ff3f3,2018-03-13 05:57:34,5384447,pro.meulike,18,0,2018-05-28 23:30:36,4268620,play.google.com
C087ED5F8B18F0DDA18779F6D65AF780E5A2200A7F83E051270008A28B2D47CD,360C73B31F4289582EEC777640B03981ADCCD047,e77068b670f9c991078c28ada95e85c6,1980-01-01 00:00:00,6150280,ua.com.rozetka.shop,22003,0,2018-07-04 10:30:31,8108436,play.google.com
C0888D1B4E8CE1A2D37475F3F36C97F2293B9EBBF0EC64331DE8509588AE6F43,DCD6CEB2BF35572502E00C018CC16D2ACC942CBB,785b44f0f6b257c2e367d0c361fbfa19,1980-01-01 00:00:00,7310851,com.endless.cookierecipes,43,0,2018-07-02 23:45:17,8203696,play.google.com
C0891DEA74E921A8D642C4849533DC78C45651D4518B7B800668E5A5C948F6F8,A1674A225733E183774507087BBEF7FB0F328A22,0989d8d9e0da62cdfd382f606168d6d8,2017-11-20 15:14:26,20676215,com.pixelbytes.Delicious.Soup.Maker,2,0,2018-05-28 00:39:34,6488116,play.google.com
C0894D871C7F5B7F4E5A38DABCCDF19D30EACAAB6549CA411B0095A56D5042A9,0E65ABDBCEFB4F9D53F67B9ECADEC404D9FB8821,4126e6b3d175acf6525f11a29dc42ec3,2018-04-18 15:02:06,21490953,com.pressmatrix.publishingservices,11,0,2018-09-14 07:44:14,7882464,play.google.com
C089ABB0F1774D7B4651F148AC8CA26E1B4D22F88A992633F8684C24A56AA7AA,DE1A8F55338082B09C65F0FFA36355B1CE63AC6E,fc7051e81030b20d0ec7739b85cb330c,2018-03-26 13:08:12,10312094,com.terarisu.batteryprottype09,14,0,2018-04-12 12:10:40,6064480,play.google.com
C08ACAD66ABF8F174CF98491066C917449330FAD25E4EFD55D763C4E3456D386,4329417C23F0A197ED375789C02189B198EABD3B,f33395aff17946e9e4019f0e9b2386c9,2018-05-22 14:01:24,2625068,keyboard.theme.gold.flower.butterfly,10001005,0,2018-06-17 21:57:53,708540,play.google.com
C08B73D238EA830099644983A81C45705A3D8BC82F92F15A878E90744FAC48A6,9CB1279F502885DD3BAF85ACCC0C699A79F2DDF8,6e7ac4cdfd3131e5013b9eb856451e0a,2018-05-05 17:40:28,3210300,com.meberty.wififree,6,0,2018-10-10 15:45:14,4931840,play.google.com
C08C680798F4A836626EAD882E8C5C1D62890C0DB1077FC671FF379F19A59E96,3F623E43B4A1908E7E06CA9EBF588C2D5592447B,780c7041d98b543b7ff16a72986efe40,2018-04-01 00:45:50,9599462,com.hyperoid.astralprojection,3,0,2018-07-17 07:32:15,5620708,play.google.com
C08DA8E90986C32338497ECC6C20406601D84483A5EADED086CFCA06A9BAED39,B4D05A4ED6BC03A17EE3FF5B0493B31EDE68F43B,83b3f875e140a09894b783e2702392b5,2018-04-01 06:35:06,27310815,com.russmedia.naplo2,4620,0,2018-11-15 17:25:23,5320056,play.google.com
C08E7B7339FAE545FF58870ADC5E5526F47D9065A03974BB4BFA2FCAC68C1EE8,72A4D53EFB3EA1B191E04D13F448558B3BE66ED1,9d7853f657a37036cb0ffde17e830870,1980-01-01 00:00:00,21139846,com.Aquarium.wallpaper.image.background.wallpaper,1,0,2018-10-15 04:33:29,7195356,play.google.com
C08E8B9C5857A143D1DB3D52B5E846650D7C20A28EEF3AB19CC93E390B690B2A,56F9DC059A2CE0615F451B2994D66C7C3E6931E1,7807b915a28b17698e98a12fc66c7b7f,2018-01-30 18:44:34,2120730,com.newsandmagazine.kabirkedohe,1,0,2018-10-19 13:56:06,2434220,play.google.com
C08F5AC2239CC15F7BB169DD571ED0A0095F011224769B255C215746E27F6517,A3D5F8287764FBCA9FE183E1F5752EE7DFAC4B6B,d7e651f8a707e93b5115d26815a69a86,2018-04-05 02:14:40,30818207,com.stickman.backflip.killer,6,0,2018-04-13 00:37:22,3269908,play.google.com
C08F6E97CE0F316F30816541C04D05F13D4C1D45BD6F7954F50F5715908F8777,187979D74092CD41B82502610B672442A734C079,da6c31cfdff16dd4e6ee3024b003ddf9,2018-05-12 11:24:00,3257554,photoable.unknownphoto.selfie.intruder.montage.llc,1,0,2018-08-23 13:10:03,4493660,play.google.com
C0905C2AF64132BA5184A886F19148172DFC82D09AA2AA3430971A3EDEDAF70E,390907BE26B0AF783A60DF4EEE4A7E23D8477FBD,7a190df292f83e545012aa0423b8a02c,2018-03-25 12:13:42,4313368,com.alexisapp.orgsoundss,3,0,2018-07-29 20:54:09,4141996,play.google.com
C090F76B82914041D3DEB6E114B1B913E753B7425B0C621FA6E288CD00314C94,DE96EC3D65AB53F7CB320638A89B34E5F7DEE5C8,c197a050768d2353f1c6c35b96ab8a87,2018-04-16 17:14:30,1151421,com.amotech.nfc_dlog,26,0,2018-08-27 05:39:29,1152668,play.google.com
C0917F75E54D876A6F3623AB65B1C6E74DE044D41902DED211BC28E89CEFDE1A,7B94BF957160077004CE0038E1806486C0613279,bcf8a5fdbdc1da5c6033e5b540e60492,1980-01-01 00:00:00,8991919,com.sunshinetour.sunshinetour,402060,0,2018-10-10 17:20:13,4085852,play.google.com
C0930F092DB321900998F27CC4896851B73822B78CD6F803DB365C5F9011BA73,E305088E9DD3586270D300C0BF9D94D3B73ABFF5,b4e27dc64a86be97624c69811e565c0b,1980-01-01 00:00:00,5069026,com.fatpanda.bbl.penguinsbubbleshooter,3,0,2018-07-08 20:56:52,6218828,play.google.com
C0940886D30458B6E3B5C9DEB0F07E9CB108C8406719D977FE5D328194B4FFC4,CB36803C1EDAB9FF261088C736B6C75CE5249A53,b92af63e61aaa3097228b114267a12b9,1980-01-01 00:00:00,12803787,com.ipixeldevoloper.PSL.PSL_Photo_Editor,2,0,2018-11-04 12:39:24,2238020,play.google.com
C099C91E01C407D4B301D8F83CCD50C1636B16426E21DFF75CCFAD58D9387E2B,90B65911580DF431493A957E30179D0A71D46F7D,f331e415925a14d2506db8afeb61eaf8,1980-01-01 00:00:00,2947546,com.capsulepharmacy,3,0,2018-10-02 13:25:27,3891892,play.google.com
C099CE362756F1A0113F954B2DDBFC6F5B8B7B93F2ABB949BC4D4B7500EF5362,926B8E3362E6AF33DBFC6C9A0296E84E7D8BEBD1,07edf71b71daa7aa0ec2ab261039be25,2016-09-22 23:12:48,11054716,com.vedic.maths.projects.equations.complete,2,0,2018-09-27 13:01:38,4171936,play.google.com
C09A08644EF6E05196596245EF3B1226B1B01F7F4ABF97E8DC1E141036D55C56,2037BFCE0983D870580B3336FA158DF4A0D46E53,79fc8e9bb912b434ecbef8df7bc39416,2018-02-22 23:22:08,23262742,com.lastlevelgames.roadkillderby,1,0,2018-09-17 12:04:05,972820,play.google.com
C09A2EF4EE88FC3BD76B96163948F37C2BD5EC3242553BB905881080552C3EF3,E69CD9B5C99B03A944006F6FFCD62FDA77B7EB05,11f577f0528c442f451d2a981a758c62,1980-01-01 00:00:00,8114818,com.masti.thanksgivingdaylwp,4,0,2018-06-12 00:18:32,8161292,play.google.com
C09A44E6E70D270739B018D77B5FFE302E9BC71062123155E87257FDF5B567FE,C41ABE6F141B1EBF27BCA271D6ADAB49D849D012,8521a150a51e2b8c45b3def932efaa48,2017-03-17 12:35:40,1602102,com.vedshop.app,10,0,2018-07-02 13:21:32,1652536,play.google.com
C09B64C6D3C72616087A500F8FECA9317465A8E843546CDC6129648865983AED,516299BB42D5D000432E8C5D10CF4D91E44FCADA,e48580742aac9db8a87e84cc2a672e48,2018-05-31 15:34:58,5900200,com.gennext.lisapp.lis,1,0,2018-09-08 09:42:13,5656444,play.google.com
C0A0367A919790DDA7758DE4B0C84EC3389F932B06EC6B51EEC3851D1EBD54FD,1255F4729D97C14A86860CEDA2D472905D87A34E,589dd7dcc754af774c505d94232dd22f,1980-01-01 00:00:00,1558010,com.bradleyboxer.garlicoinmonitor,1,0,2018-05-21 00:17:13,3008628,play.google.com
C0A15153975D2A0A97C7EA2D3396B24A664437E6BE14C9C4328D1D3A711E9868,A8272EEF344ACA74CF1987983683548FCCED5787,e1447c052adfc784f161e68840c74419,2018-02-16 18:19:08,12209365,com.apachestudio.sithswlw,1,0,2018-02-17 06:24:11,3167432,play.google.com
C0A357ABD66273184CF67451B2855313745B0B13663F5419D84B45E6790ECFBB,EFCDE7AD1EACCA6CFCEDC521B9BC1EA6E205254F,ce88f50717e263b128b559c50de81481,1980-01-01 00:00:00,5304257,com.tonnguyen.livelotte,35,0,2018-03-23 19:39:40,9194324,play.google.com
C0A714F689E6346513080E7BADCF3166DA46A57281D4FA0C2E365A67D6784B59,51D4ED09F66E4F2D9392A5588E9526F3BCD4052A,fcafc3a0b31ade95a454d659e394b942,1980-01-01 00:00:00,4314356,ua.maksdenis.timeofbirth,72,0,2018-11-07 12:23:02,4259540,play.google.com
C0A8C9EF749D9E00CC5748702910AE9F0C5247CA8827A477EA726DDC071C87B6,D3E60F81E3A7E47E8A5DF153CBE84CA2DF59BA15,6494f0bc5b80003c7602370c9aecb0df,1980-01-01 00:00:00,18852595,com.zemoxa.apps.appWargaku,144,0,2018-09-05 09:13:13,7845592,play.google.com
C0A9734DF00D233E54648079F0BCFA1DD3FAAB54AFF285349EAF132A452A98CC,AA0474D5F2D5079C75C999FC9EC27D7A94631F98,8e85c9e8400feebbd971b8b49b22a380,2018-05-22 11:19:36,2426971,com.keyboard.night.sky.theme.firefly,10001003,0,2018-05-26 05:35:10,708560,play.google.com
C0AA10E2536451DB71FF066FB17045E5588997BB8F8A47259A88BFDEF8EAD5E5,A1306B81AD4FFE0E08A7AAFE56EDBFE8F0302887,d6e9263ba40bdae3315789c533fd631d,2018-05-07 16:13:40,12614112,com.teddy.bear.talking.keyboard.love.hug,1,0,2018-09-24 09:23:06,9104220,play.google.com
C0AC02E2CC3E0E598165F687D19DD3511768538C018C5F9B17B59EF997531AF4,0D3BCA1B29F54DC7B4AD8C5DF5F5B0D520BC20A4,290c450aef921ccaf9ee3749e60b88d4,1980-01-01 00:00:00,3628121,gamesters.com.colorhue,11,0,2018-08-22 11:44:48,5121648,play.google.com
C0ADC7ED0BDEA40FA917553FF75C8CC2DA73F0DA36CE1812E81A04CB52C507D2,1815FFD56A4A2EB25A036370A0FE51D42F8D82C6,ab48ec66a8b702fb950d4e3f35644bb7,1980-01-01 00:00:00,18306144,com.happyfashiongames.missbarbiedragpuzzle,6,0,2018-09-16 10:14:25,5665048,play.google.com
C0B23BA18834801D5D039D056986FF9DE2CD3FFDF5399444E48CEA8D5D345BE9,D643577CC6DBB0F759A606E5C6CD138DF0ED2BE1,db4840b6482e37d00b89b89e40f3c107,1980-01-01 01:00:00,7760983,trails.centroabruzzo,15,0,2018-10-12 20:08:26,3909732,play.google.com
C0B518C38859B4E1C4F191B2B0F88179C7D6136B4B830D972E7BF587083EDDA1,CCA54AA5637AE1705AA1022C2FA662968C543C28,9c6b45a306f1f1ec5986c82635f03cf6,2018-05-19 01:20:54,33501042,com.bigbanggames.bitcoin,25,0,2018-09-10 08:03:40,8582428,play.google.com
C0B9154837F67CDE14A2061AB46B9A28DF0BA4B983D5BD4A7BAA35C6184D90D4,6B0EC19AF281C727FEDF9936770047BDA586311E,742cacbce41134e3e96a3f8356a3539d,1980-01-01 00:00:00,7528790,tk.shkabaj.android.shkabaj,44,0,2018-12-05 05:13:07,7307112,play.google.com
C0BB6FE3493A0633B138CBFE5A09B37336E70B4967E30DF49EF6986CF4504EF4,7D1EBE23981F8AC934BBC381444CEC1C7612BF39,a4734b88a3af3c1fdabd6cb92dd65b4d,2018-02-28 07:19:50,964328,com.restauramesenhor,12,0,2018-03-05 03:14:05,1130444,play.google.com
C0C3446F52A40E7748B538BA66681C44C81CA92F88B8429DAD163337F9E8022F,DA53DE2A316D17497C6BC6657357F2DDD6DFA635,6df70bc11787e804309021ad77d001ef,2018-04-08 04:10:50,5642107,com.tranzeetwebsolution.flowercrownhairstyle,1,0,2018-11-30 03:31:35,6609216,play.google.com
C0C41FD53A7E57098B95D0D748DED258C8F5A878248E619B2D05700C248C731F,0BFD251A62D49A049EE30379513360D8FCFD93CA,8c5c5225a68ea144e6318d7acfd67545,1980-01-01 00:00:00,3134720,com.arjunamobileinc.pjmaskscartoon,1,0,2018-09-24 13:25:12,5039020,play.google.com
C0CAD7079D6284B6117A4329B3587ECF0D3E1B45FBAF1570E2B672F479164FA6,B1951E329F742E2C8A8A3AE387EDD386A905A65D,a7919283c6b48730f150a6d443e5c9dc,1980-01-01 00:00:00,10749074,com.sharefaith.sfchurchapp_6cce27b4b44c5908,20538,0,2018-11-22 05:56:46,4219216,play.google.com
C0CD505FDC22C453C5334BAFD5AEA188718AA77E404A317EAB14A672E09ECFE2,504045D9DDD29FB977E75615CFF0290D368DEC6A,18590308bae1ab7c832e06955ea517a5,1980-01-01 00:00:00,25253376,app.notepad.catnotes,16000,0,2018-11-28 03:15:20,8951096,play.google.com
C0CF85B7706809A7CA9238DFC5122ED5D0C5FBEE1C30A26F610A1EF456593AE0,6E7082D636A02991330F81CADDFC25292C9E71DA,9cc18deaa165d474a18fc04876467fe8,1980-01-01 00:00:00,15721471,com.babywallpaper.cutebaby.beautiful.girls.boys.hdwallpapers,3,0,2018-10-30 09:45:08,7195984,play.google.com
C0D458696C5C6990AB8B8BE7A6912ED424F55A9F80844336699E0B03F5FC2900,DC3B383016B36A8C1435E3EE1641BBFE2B165D27,64f3cf9842238f1337cdbd8bc898f034,1980-01-01 00:00:00,4488600,com.solution.univpay,8,0,2018-09-11 18:38:33,5184624,play.google.com
C0D6E16F6D5D98F3889FE4AF938960FA746C12F95B48689076054420E6314B49,41C9C8CA6AC7B2C4595254B3E4CED3658267D954,def4b94ab68c50c60aff0f4197bebae2,1980-01-01 00:00:00,28423728,com.languagedrops.drops.learn.learning.speak.language.tagalog.filipino.words,28013002,0,2018-10-04 12:18:35,7881520,play.google.com
C0D6E7CC19BE583BC87B1B70538C37DF284279E1E2AD88D5134D84F0FF4007CD,65C38FFDE589DA8D085A14307878CDA4F36D3E4C,56cd0920d5acc0a8005fc96c8d4cd8d5,2018-03-13 20:04:48,1831517,com.hindikahaniya.suthex,1,0,2018-03-14 23:30:58,2417452,play.google.com
C0DBE7669D87D4D26D9A765B41EC003E94953DA3854C8E04244F145D8587F332,B0BB01CF06D6F5E8119146CC843CB65261B0FCF6,e02c24ef55348b973a6e620cdab00a4a,2018-04-11 08:31:00,28053576,com.quick18.highlandhills,33,0,2018-06-14 15:01:06,4178784,play.google.com
C0DC3C2A971E66B701191A550310CE82E94A10FDBBAA77805791BAD56486CD57,3E7BDDA8B3BCBE0EC101383E68E4DDC93277E36B,9cff237091aa6cbe609367f4d11fcc41,1980-01-01 00:00:00,7854569,com.sinzed.bayadic,20202,0,2019-01-02 03:23:05,4111372,play.google.com
C0DD61519CF3B9C430D1C9D032B52DD01F5219A956BDF411B3D158580FF65650,B3C79E07C7C265D370FDD1FBE4132095EA396FC0,7cae0f81a02961b93aa08c1da9f4e20b,1980-01-01 00:00:00,22980182,com.shimme.photoedito,1,0,2018-10-01 12:29:12,7721468,play.google.com
C0DE123B6F93992DA4DE0F34DE2824C5CF03F6C9CB4165164282A574D8036F1F,89E728EF1369F9541B037CE63C7280FA3CC8FBDF,1aebbc6a0d4b13401e94460466755013,1980-01-01 00:00:00,5335362,com.bor7apps.zombie_apocalypse_minecraft_mod,1559,0,2018-09-23 18:47:19,3529376,play.google.com
C0DF9B5B2090AED27F887036C990736FFAE37D04FF5BE0598952E3B40FF41FBE,59595663F7A4504C6176FEABB1EC801F7B674314,f10d2ff79e4cba2a19c5ee176683d752,1980-01-01 00:00:00,2829149,com.nyobangkit.lyricsaybenmusic,2,0,2018-10-06 13:22:24,4612832,play.google.com
C0E04FE96826381FCFFB7A19D5EB6BDC54D9ADC2DE268943B415D05940E46B57,26C04D708D81E89972045245E25592A57FF7080F,88c5b9c4d90cd386c4a271d6cbf247df,2018-04-15 18:36:36,18474319,air.com.wowsomesphere.dessertstruckfestival,1000002,0,2018-08-28 05:06:07,7070364,play.google.com
C0E201EA6D4F77E0E0183718DBABD7C8A9C4B5101AFF4E14C4FD0774DB09659F,8AEFF721AA9E963C62213C486925750B95390DA5,110cd3e3e698716ca04b80de5f788262,1980-01-01 00:00:00,1814609,com.islet.Englishproverbsandmeanings,40,0,2018-10-23 06:46:01,4648284,play.google.com
C0E4D49A40800D1FADCE155DF766A9307824F0EB228BBEAB86C8689C4CE9CF2A,1626B8A5BD0AE9923D6B1E455221B523E57EC88D,7a511026e21953f848f42163e154904d,2018-04-29 14:51:34,3609377,com.launcher.theme.t211712185,10105,0,2018-09-10 08:41:56,2563644,play.google.com
CFDCE925DA9AD6AEA19EE22DACCAE85B625C4703469798C73E6FCCC89967ACBB,6FC4F51708C8A2043D093442ECAB8CC49F1991D6,019abb4c08e54e55fa3c98277c058334,1980-01-01 00:00:00,29118612,com.cfl.wood8x8,3,0,2018-10-05 17:19:07,8352540,play.google.com
E0D787DED33A430266AF22D70DC90EC07A2F64F2EEF2251378873054ADB5BFB9,48FD5BFAFBE081433801AE72CA78DE76941892CE,a77a2adf6608790035621dce5dd741f6,1980-01-01 00:00:00,21358168,pl.cyfrowypolsat.cpgo,116071083,0,2018-04-15 17:56:39,7404280,play.google.com
E362D8675DDCA5E86A28416413AA9EB6F04189A183A29016C21409B28C4C3A5C,AB2FCA5A8DC79ADACFA9F4D23B848B9718479891,9b671b7186e8819227709e479a9db24a,1980-01-01 00:00:00,16541433,com.andromo.dev518376.app530828,6,0,2018-09-12 13:24:59,5463440,play.google.com
E62FB23EED9227E13DEBD327A71969EFAF66E3BEA74E92FAA6D92531371B56F8,9A3C1BFE83383FC88405087D9E29235316F18E9B,b09a0c37b0e08d620e15331857436c16,1980-01-01 00:00:00,24048016,com.Amalva.c4_app,19,0,2018-11-30 03:56:41,1185752,play.google.com
F9C8564B251B1B5F1468A2C62E705FA6A69CDA975FD8A199B605875F738A4BEC,7B24AEF45FAF7959BD71B11F3AE9A11E678DB893,271d2161b09a38af271de6652e4241c2,2018-04-04 18:36:36,19678894,air.EGDFunnyOldManRescue,1000000,0,2018-08-22 08:56:59,3418896,play.google.com
